{"cameraMode":{"drawMode":0,"name":"Shaded","section":"Shading Mode"},"sceneLighting":true,"audioPlay":false,"sceneViewState":{"showFog":true,"showMaterialUpdate":true,"showSkybox":true,"showFlares":true,"showImageEffects":true,"showParticleSystems":true},"in2DMode":false,"pivot":{"x":30.85258674621582,"y":24.04513168334961,"z":2.5921859741210939},"rotation":{"x":-0.2643974721431732,"y":-0.01602027751505375,"z":0.004391455091536045,"w":-0.9642707705497742},"size":2.149106740951538,"orthographic":false}